t,rj0,rj1,rj2,rj3,rj4,rj5,rj6
0.0000,0.000000,0.000000,0.000000,0.000000,0.000000,0.000000,0.000000
0.0200,0.000000,-0.000090,0.000000,-0.000181,0.000000,0.000000,0.000000
0.0400,0.000000,-0.000695,0.000000,-0.001390,0.000000,0.000000,0.000000
0.0600,0.000000,-0.002255,0.000000,-0.004510,0.000000,0.000000,0.000000
0.0800,0.000000,-0.005136,0.000000,-0.010272,0.000000,0.000000,0.000000
0.1000,0.000000,-0.009631,0.000000,-0.019263,0.000000,0.000000,0.000000
0.1200,0.000000,-0.015967,0.000000,-0.031934,0.000000,0.000000,0.000000
0.1400,0.000000,-0.024306,0.000000,-0.048612,0.000000,0.000000,0.000000
0.1600,0.000000,-0.034752,0.000000,-0.069504,0.000000,0.000000,0.000000
0.1800,0.000000,-0.047354,0.000000,-0.094707,0.000000,0.000000,0.000000
0.2000,0.000000,-0.062109,0.000000,-0.124219,0.000000,0.000000,0.000000
0.2200,0.000000,-0.078971,0.000000,-0.157942,0.000000,0.000000,0.000000
0.2400,0.000000,-0.097848,0.000000,-0.195696,0.000000,0.000000,0.000000
0.2600,0.000000,-0.118612,0.000000,-0.237225,0.000000,0.000000,0.000000
0.2800,0.000000,-0.141102,0.000000,-0.282203,0.000000,0.000000,0.000000
0.3000,0.000000,-0.165125,0.000000,-0.330249,0.000000,0.000000,0.000000
0.3200,0.000000,-0.190464,0.000000,-0.380928,0.000000,0.000000,0.000000
0.3400,0.000000,-0.216882,0.000000,-0.433764,0.000000,0.000000,0.000000
0.3600,0.000000,-0.244124,0.000000,-0.488248,0.000000,0.000000,0.000000
0.3800,0.000000,-0.271922,0.000000,-0.543844,0.000000,0.000000,0.000000
0.4000,0.000000,-0.300000,0.000000,-0.600000,0.000000,0.000000,0.000000
0.4200,0.000000,-0.328078,0.000000,-0.656156,0.000000,0.000000,0.000000
0.4400,0.000000,-0.355876,0.000000,-0.711752,0.000000,0.000000,0.000000
0.4600,0.000000,-0.383118,0.000000,-0.766236,0.000000,0.000000,0.000000
0.4800,0.000000,-0.409536,0.000000,-0.819072,0.000000,0.000000,0.000000
0.5000,0.000000,-0.434875,0.000000,-0.869751,0.000000,0.000000,0.000000
0.5200,0.000000,-0.458898,0.000000,-0.917797,0.000000,0.000000,0.000000
0.5400,0.000000,-0.481388,0.000000,-0.962775,0.000000,0.000000,0.000000
0.5600,0.000000,-0.502152,0.000000,-1.004304,0.000000,0.000000,0.000000
0.5800,0.000000,-0.521029,0.000000,-1.042058,0.000000,0.000000,0.000000
0.6000,0.000000,-0.537891,0.000000,-1.075781,0.000000,0.000000,0.000000
0.6200,0.000000,-0.552646,0.000000,-1.105293,0.000000,0.000000,0.000000
0.6400,0.000000,-0.565248,0.000000,-1.130496,0.000000,0.000000,0.000000
0.6600,0.000000,-0.575694,0.000000,-1.151388,0.000000,0.000000,0.000000
0.6800,0.000000,-0.584033,0.000000,-1.168066,0.000000,0.000000,0.000000
0.7000,0.000000,-0.590369,0.000000,-1.180737,0.000000,0.000000,0.000000
0.7200,0.000000,-0.594864,0.000000,-1.189728,0.000000,0.000000,0.000000
0.7400,0.000000,-0.597745,0.000000,-1.195490,0.000000,0.000000,0.000000
0.7600,0.000000,-0.599305,0.000000,-1.198610,0.000000,0.000000,0.000000
0.7800,0.000000,-0.599910,0.000000,-1.199819,0.000000,0.000000,0.000000
0.8000,0.000000,-0.600000,0.000000,-1.200000,0.000000,0.000000,0.000000
0.8200,0.000000,-0.599296,0.000106,-1.199718,0.000000,0.000000,0.000000
0.8400,0.000000,-0.594651,0.000802,-1.197860,0.000000,0.000000,0.000000
0.8600,0.000000,-0.582880,0.002568,-1.193152,0.000000,0.000000,0.000000
0.8800,0.000000,-0.561568,0.005765,-1.184627,0.000000,0.000000,0.000000
0.9000,0.000000,-0.529012,0.010648,-1.171605,0.000000,0.000000,0.000000
0.9200,0.000000,-0.484160,0.017376,-1.153664,0.000000,0.000000,0.000000
0.9400,0.000000,-0.426552,0.026017,-1.130621,0.000000,0.000000,0.000000
0.9600,0.000000,-0.356263,0.036561,-1.102505,0.000000,0.000000,0.000000
0.9800,0.000000,-0.273840,0.048924,-1.069536,0.000000,0.000000,0.000000
1.0000,0.000000,-0.180247,0.062963,-1.032099,0.000000,0.000000,0.000000
1.0200,0.000000,-0.076802,0.078480,-0.990721,0.000000,0.000000,0.000000
1.0400,0.000000,0.034880,0.095232,-0.946048,0.000000,0.000000,0.000000
1.0600,0.000000,0.152947,0.112942,-0.898821,0.000000,0.000000,0.000000
1.0800,0.000000,0.275370,0.131305,-0.849852,0.000000,0.000000,0.000000
1.1000,0.000000,0.400000,0.150000,-0.800000,0.000000,0.000000,0.000000
1.1200,0.000000,0.524630,0.168695,-0.750148,0.000000,0.000000,0.000000
1.1400,0.000000,0.647053,0.187058,-0.701179,0.000000,0.000000,0.000000
1.1600,0.000000,0.765120,0.204768,-0.653952,0.000000,0.000000,0.000000
1.1800,0.000000,0.876802,0.221520,-0.609279,0.000000,0.000000,0.000000
1.2000,0.000000,0.980247,0.237037,-0.567901,0.000000,0.000000,0.000000
1.2200,0.000000,1.073840,0.251076,-0.530464,0.000000,0.000000,0.000000
1.2400,0.000000,1.156263,0.263439,-0.497495,0.000000,0.000000,0.000000
1.2600,0.000000,1.226552,0.273983,-0.469379,0.000000,0.000000,0.000000
1.2800,0.000000,1.284160,0.282624,-0.446336,0.000000,0.000000,0.000000
1.3000,0.000000,1.329012,0.289352,-0.428395,0.000000,0.000000,0.000000
1.3200,0.000000,1.361568,0.294235,-0.415373,0.000000,0.000000,0.000000
1.3400,0.000000,1.382880,0.297432,-0.406848,0.000000,0.000000,0.000000
1.3600,0.000000,1.394651,0.299198,-0.402140,0.000000,0.000000,0.000000
1.3800,0.000000,1.399296,0.299894,-0.400282,0.000000,0.000000,0.000000
1.4000,0.000000,1.400000,0.300000,-0.400000,0.000000,0.000000,0.000000
1.4200,0.000000,1.399937,0.299986,-0.399982,0.000000,0.000000,0.000000
1.4400,0.000000,1.399507,0.299894,-0.399859,0.000000,0.000000,0.000000
1.4600,0.000000,1.398379,0.299653,-0.399537,0.000000,0.000000,0.000000
1.4800,0.000000,1.396256,0.299198,-0.398930,0.000000,0.000000,0.000000
1.5000,0.000000,1.392877,0.298474,-0.397965,0.000000,0.000000,0.000000
1.5200,0.000000,1.388016,0.297432,-0.396576,0.000000,0.000000,0.000000
1.5400,0.000000,1.381477,0.296031,-0.394708,0.000000,0.000000,0.000000
1.5600,0.000000,1.373098,0.294235,-0.392314,0.000000,0.000000,0.000000
1.5800,0.000000,1.362743,0.292016,-0.389355,0.000000,0.000000,0.000000
1.6000,0.000000,1.350309,0.289352,-0.385802,0.000000,0.000000,0.000000
1.6200,0.000000,1.335716,0.286225,-0.381633,0.000000,0.000000,0.000000
1.6400,0.000000,1.318912,0.282624,-0.376832,0.000000,0.000000,0.000000
1.6600,0.000000,1.299870,0.278544,-0.371392,0.000000,0.000000,0.000000
1.6800,0.000000,1.278586,0.273983,-0.365310,0.000000,0.000000,0.000000
1.7000,0.000000,1.255078,0.268945,-0.358594,0.000000,0.000000,0.000000
1.7200,0.000000,1.229384,0.263439,-0.351253,0.000000,0.000000,0.000000
1.7400,0.000000,1.201562,0.257478,-0.343303,0.000000,0.000000,0.000000
1.7600,0.000000,1.171688,0.251076,-0.334768,0.000000,0.000000,0.000000
1.7800,0.000000,1.139855,0.244255,-0.325673,0.000000,0.000000,0.000000
1.8000,0.000000,1.106173,0.237037,-0.316049,0.000000,0.000000,0.000000
1.8200,0.000000,1.070763,0.229449,-0.305932,0.000000,0.000000,0.000000
1.8400,0.000000,1.033761,0.221520,-0.295360,0.000000,0.000000,0.000000
1.8600,0.000000,0.995316,0.213282,-0.284376,0.000000,0.000000,0.000000
1.8800,0.000000,0.955584,0.204768,-0.273024,0.000000,0.000000,0.000000
1.9000,0.000000,0.914733,0.196014,-0.261352,0.000000,0.000000,0.000000
1.9200,0.000000,0.872937,0.187058,-0.249411,0.000000,0.000000,0.000000
1.9400,0.000000,0.830378,0.177938,-0.237251,0.000000,0.000000,0.000000
1.9600,0.000000,0.787241,0.168695,-0.224926,0.000000,0.000000,0.000000
1.9800,0.000000,0.743718,0.159368,-0.212491,0.000000,0.000000,0.000000
2.0000,0.000000,0.700000,0.150000,-0.200000,0.000000,0.000000,0.000000
2.0200,0.000000,0.656282,0.140632,-0.187509,0.000000,0.000000,0.000000
2.0400,0.000000,0.612759,0.131305,-0.175074,0.000000,0.000000,0.000000
2.0600,0.000000,0.569622,0.122062,-0.162749,0.000000,0.000000,0.000000
2.0800,0.000000,0.527063,0.112942,-0.150589,0.000000,0.000000,0.000000
2.1000,0.000000,0.485267,0.103986,-0.138648,0.000000,0.000000,0.000000
2.1200,0.000000,0.444416,0.095232,-0.126976,0.000000,0.000000,0.000000
2.1400,0.000000,0.404684,0.086718,-0.115624,0.000000,0.000000,0.000000
2.1600,0.000000,0.366239,0.078480,-0.104640,0.000000,0.000000,0.000000
2.1800,0.000000,0.329237,0.070551,-0.094068,0.000000,0.000000,0.000000
2.2000,0.000000,0.293827,0.062963,-0.083951,0.000000,0.000000,0.000000
2.2200,0.000000,0.260145,0.055745,-0.074327,0.000000,0.000000,0.000000
2.2400,0.000000,0.228312,0.048924,-0.065232,0.000000,0.000000,0.000000
2.2600,0.000000,0.198438,0.042522,-0.056697,0.000000,0.000000,0.000000
2.2800,0.000000,0.170616,0.036561,-0.048747,0.000000,0.000000,0.000000
2.3000,0.000000,0.144922,0.031055,-0.041406,0.000000,0.000000,0.000000
2.3200,0.000000,0.121414,0.026017,-0.034690,0.000000,0.000000,0.000000
2.3400,0.000000,0.100130,0.021456,-0.028608,0.000000,0.000000,0.000000
2.3600,0.000000,0.081088,0.017376,-0.023168,0.000000,0.000000,0.000000
2.3800,0.000000,0.064284,0.013775,-0.018367,0.000000,0.000000,0.000000
2.4000,0.000000,0.049691,0.010648,-0.014198,0.000000,0.000000,0.000000
2.4200,0.000000,0.037257,0.007984,-0.010645,0.000000,0.000000,0.000000
2.4400,0.000000,0.026902,0.005765,-0.007686,0.000000,0.000000,0.000000
2.4600,0.000000,0.018523,0.003969,-0.005292,0.000000,0.000000,0.000000
2.4800,0.000000,0.011984,0.002568,-0.003424,0.000000,0.000000,0.000000
2.5000,0.000000,0.007123,0.001526,-0.002035,0.000000,0.000000,0.000000
2.5200,0.000000,0.003744,0.000802,-0.001070,0.000000,0.000000,0.000000
2.5400,0.000000,0.001621,0.000347,-0.000463,0.000000,0.000000,0.000000
2.5600,0.000000,0.000493,0.000106,-0.000141,0.000000,0.000000,0.000000
2.5800,0.000000,0.000063,0.000014,-0.000018,0.000000,0.000000,0.000000
2.6000,0.000000,0.000000,0.000000,0.000000,0.000000,0.000000,0.000000
